"R_tassan","R2_tassan","Trait","R_laili","R2_laili","R_chla","R2_chla","R_NDWI","R2_NDWI","R_Ti","R2_Ti","R_NDSSI","R2_NDSSI","R_sedi","R2_sedi"
-0.290600426879423,0.084448608102503,"F_mean",-0.860648986957453,0.74071667875089,0.727183074029023,0.528795223154299,-0.764616856497681,0.584638937240396,0.727183074029023,0.5287952231543,-0.754782079184977,0.569695987058796,0.872186413958495,0.760709140693779
-0.248285511562655,0.0616456952519292,"P_mean",-0.893758642573221,0.798804511174327,0.815295252166704,0.66470634820557,-0.841102145146942,0.707452818570787,0.815295252166704,0.66470634820557,-0.839479708132969,0.704726180367015,0.9112175613959,0.830317444196291
-0.293924805052722,0.0863917910252807,"Zn_mean",-0.00258076443878188,6.66034508848115e-06,0.167889890109823,0.0281870152010884,-0.205566359085952,0.0422575279878547,0.167889890109823,0.0281870152010884,-0.220286848892146,0.0485262957948312,-0.00348441022064826,1.2141114585758e-05
-0.1349313662569,0.0182064735999536,"Cu_mean",0.56215752863545,0.316021087001517,-0.469315177948702,0.220256736253022,0.524537096341809,0.275139165438696,-0.469315177948702,0.220256736253022,0.561754636055633,0.315568271129997,-0.583041141592575,0.339936972789573
0.0565196600247434,0.00319447196931258,"WPI",-0.860843794706998,0.741052038885545,0.724615294379378,0.525067324848512,-0.77578954947818,0.601849425079557,0.724615294379378,0.724615294379378,-0.784534035733931,-0.784534035733931,0.88193747336441,0.777813706924399
