"R_tassan","R2_tassan","Trait","R_laili","R2_laili","R_chla","R2_chla","R_NDWI","R2_NDWI","R_Ti","R2_Ti","R_NDSSI","R2_NDSSI","R_sedi","R2_sedi"
-0.28149167422274,0.0792375626567213,"F_mean",-0.777402025323449,0.604353908977001,0.706638274401268,0.499337650848802,-0.712230802276767,0.507272715711807,0.706638274401268,0.499337650848802,-0.701269666928416,0.491779145753892,0.79944643789997,0.63911460707095
-0.208900123118862,0.0436392614390758,"P_mean",-0.827748228371397,0.685167129571986,0.793755665263854,0.630048056138464,-0.799929441943609,0.639887112088213,0.793755665263854,0.630048056138464,-0.786019363101854,0.617826439171044,0.855869113194768,0.732511938920798
-0.318973027461212,0.101743792247771,"Zn_mean",0.0524305245664462,0.00274895990631272,0.173376014166594,0.030059242288295,-0.224268079073975,0.0502961712915305,0.173376014166594,0.030059242288295,-0.266408595108211,0.0709735395475305,-0.0512067022796444,0.00262212635835614
-0.14984990845106,0.022454995062791,"Cu_mean",0.539114013051111,0.290643919068073,-0.4525037275104,0.204759623410806,0.492727436928118,0.242780327101752,-0.4525037275104,0.204759623410806,0.539659507336446,0.291232383858616,-0.565049480435009,0.319280915339874
0.0704314310141199,0.00496058647469673,"WPI",-0.79326887030646,0.629275500597287,0.699533600613284,0.489347258386986,-0.721894151465017,0.521131165919397,0.699533600613284,0.699533600613284,-0.734429751134254,-0.734429751134254,0.82495306122591,0.680547553226001
